"char";"storage";"item";"quantity"
"Tumz";"inventory";"Linkpearl";"1"
"Tumz";"inventory";"Sailfi Belt +1";"1"
"Tumz";"wardrobe";"Flam. Gambieras +2";"1"
"Tumz";"wardrobe";"Mache Earring";"2"
"Tumz";"wardrobe";"Jolt Counter";"1"
"Tumz";"wardrobe";"Moonshade Earring";"1"
"Tumz";"wardrobe";"Eri. Leg Guards +2";"1"
"Tumz";"wardrobe";"Rajas Ring";"1"
"Tumz";"wardrobe";"Foire Dastanas";"1"
"Tumz";"wardrobe";"Futhark Boots +1";"1"
"Tumz";"wardrobe";"Staunch Tathlum";"1"
"Tumz";"wardrobe";"Updraft Mantle";"1"
"Tumz";"wardrobe";"Prolix Ring";"1"
"Tumz";"wardrobe";"Pitre Tobe +1";"1"
"Tumz";"wardrobe";"Vishap Greaves";"1"
"Tumz";"wardrobe";"Alaunus's Cape";"1"
"Tumz";"wardrobe";"Charivari Earring";"1"
"Tumz";"wardrobe";"Foire Bab. +1";"1"
"Tumz";"wardrobe";"Witful Belt";"1"
"Tumz";"wardrobe";"Warp Ring";"1"
"Tumz";"wardrobe";"Fotia Belt";"1"
"Tumz";"wardrobe";"Refined Grip +1";"1"
"Tumz";"wardrobe";"Flume Belt";"1"
"Tumz";"wardrobe";"Clr. Torque +1";"1"
"Tumz";"wardrobe";"Samnuha Tights";"1"
"Tumz";"wardrobe";"Friomisi Earring";"1"
"Tumz";"wardrobe";"Cessance Earring";"1"
"Tumz";"wardrobe";"Odnowa Earring +1";"1"
"Tumz";"wardrobe";"Moonbow Belt";"1"
"Tumz";"wardrobe";"Pitre Taj +1";"1"
"Tumz";"wardrobe";"Pitre Dastanas +1";"1"
"Tumz";"wardrobe";"Airy Ring";"1"
"Tumz";"wardrobe";"Visucius's Mantle";"1"
"Tumz";"wardrobe";"Suppanomimi";"1"
"Tumz";"wardrobe";"Tali'ah Manteel +2";"1"
"Tumz";"wardrobe";"Erilaz Galea +2";"1"
"Tumz";"wardrobe";"Varar Ring";"2"
"Tumz";"wardrobe";"Moonbeam Ring";"1"
"Tumz";"wardrobe";"Siegel Sash";"1"
"Tumz";"wardrobe";"Sanctity Necklace";"1"
"Tumz";"wardrobe";"Theo. Pant. +1";"1"
"Tumz";"wardrobe";"Hagneia Stone";"1"
"Tumz";"wardrobe";"Loquac. Earring";"1"
"Tumz";"wardrobe";"Acerbic Sash +1";"1"
"Tumz";"wardrobe";"Flame Ring";"1"
"Tumz";"wardrobe";"Herculean Boots";"1"
"Tumz";"wardrobe";"Estq. Earring";"1"
"Tumz";"wardrobe";"Aya. Gambieras +2";"1"
"Tumz";"wardrobe";"Solemn Ring";"1"
"Tumz";"wardrobe";"Haoma's Ring";"1"
"Tumz";"wardrobe";"Piety Pantaloons";"1"
"Tumz";"wardrobe";"Heyoka Subligar";"1"
"Tumz";"wardrobe";"Sulev. Leggings +2";"1"
"Tumz";"wardrobe";"Chirich Ring";"1"
"Tumz";"wardrobe";"Tali'ah Sera. +1";"1"
"Tumz";"wardrobe";"Heyoka Harness";"1"
"Tumz";"wardrobe";"Dumakulem's Ring";"1"
"Tumz";"wardrobe";"Hurch'lan Sash";"1"
"Tumz";"wardrobe";"Dim. Ring (Mea)";"1"
"Tumz";"wardrobe";"Adhemar Bonnet";"1"
"Tumz";"wardrobe";"Colossus's Torque";"1"
"Tumz";"wardrobe";"Ioskeha Belt";"1"
"Tumz";"wardrobe";"Reienkyo";"1"
"Tumz";"wardrobe";"Guignol Earring";"1"
"Tumz";"wardrobe";"Mantoptera Eye";"1"
"Tumz";"wardrobe";"Ethereal Earring";"1"
"Tumz";"wardrobe";"Brutal Earring";"1"
"Tumz";"wardrobe";"Cirque Farsetto +2";"1"
"Tumz";"wardrobe";"Merciful Cape";"1"
"Tumz";"wardrobe";"Pitre Churidars";"1"
"Tumz";"wardrobe";"Heyoka Mittens";"1"
"Tumz";"wardrobe";"Buffoon's Collar";"1"
"Tumz";"wardrobe";"Turms Mittens";"1"
"Tumz";"wardrobe";"Glassblower's Belt";"1"
"Tumz";"wardrobe";"Brigantia's Mantle";"1"
"Tumz";"wardrobe";"Heyoka Cap";"1"
"Tumz";"wardrobe";"Asperity Necklace";"1"
"Tumz";"wardrobe";"Fotia Gorget";"1"
"Tumz";"wardrobe";"Epona's Ring";"1"
"Tumz";"wardrobe";"Aya. Zucchetto +2";"1"
"Tumz";"safe";"Feast Hose";"1"
"Tumz";"safe";"Book Holder";"2"
"Tumz";"safe";"Duelist's Gloves";"1"
"Tumz";"safe";"Floral Nightstand";"2"
"Tumz";"safe";"Umbra Strap";"1"
"Tumz";"safe";"Bahut";"5"
"Tumz";"safe";"Surefire Arquebus";"1"
"Tumz";"safe";"Heartseeker Earring";"1"
"Tumz";"safe";"Hachirin-no-Obi";"1"
"Tumz";"safe";"9-Drawer Almirah";"2"
"Tumz";"safe";"Hepatizon Sapara";"2"
"Tumz";"safe";"Maple Table";"1"
"Tumz";"safe";"Nibiru Knife";"1"
"Tumz";"safe";"Animikii Bullet";"1"
"Tumz";"safe";"Fluoro-flora";"1"
"Tumz";"safe";"Hes. Gloves";"1"
"Tumz";"safe";"Windurstian Flag";"1"
"Tumz";"safe";"Rhadamanthus";"1"
"Tumz";"safe";"Jhakri Cuffs +1";"1"
"Tumz";"safe";"Lanun Tricorne";"1"
"Tumz";"safe";"Thew Bomblet";"1"
"Tumz";"safe";"Mummu Wrists +1";"1"
"Tumz";"safe";"Lugh's Cape";"1"
"Tumz";"safe";"Toro Cape";"1"
"Tumz";"safe";"Mimesis";"1"
"Tumz";"safe";"Marble Plaque";"1"
"Tumz";"safe";"Mummu Jacket +1";"1"
"Tumz";"safe";"Jhakri Pigaches +1";"1"
"Tumz";"safe";"Lanun Bottes";"1"
"Tumz";"safe";"Ecru Desk";"1"
"Tumz";"safe";"Manibozho Gloves";"1"
"Tumz";"safe";"Chocobo Wand";"1"
"Tumz";"safe";"Chasseur's Gants";"1"
"Tumz";"safe";"Star Globe";"1"
"Tumz";"safe";"Alruna's Gloves";"1"
"Tumz";"safe";"Estoqueur's Cape";"1"
"Tumz";"safe";"Noble's Bed";"1"
"Tumz";"safe";"Mummu Kecks +1";"1"
"Tumz";"safe";"Commodore Gants";"1"
"Tumz";"safe";"Vampirism";"1"
"Tumz";"safe";"Seraphicaller";"1"
"Tumz";"safe";"Assim. Keffiyeh +1";"1"
"Tumz";"safe";"Priwen";"1"
"Tumz";"safe";"Surcouf's Jambiya";"1"
"Tumz";"safe";"Tzacab Grip";"1"
"Tumz";"safe";"Viti. Chapeau +1";"1"
"Tumz";"safe";"Aettir";"1"
"Tumz";"safe";"Vana'clock";"1"
"Tumz";"safe";"Buramenk'ah";"1"
"Tumz";"safe";"Jhakri Slops +1";"1"
"Tumz";"safe";"Imperial Standard";"1"
"Tumz";"safe";"Pukulatmuj";"1"
"Tumz";"safe";"Jeunoan Flag";"1"
"Tumz";"safe";"Crystal Rose";"2"
"Tumz";"safe";"Culminus";"1"
"Tumz";"safe";"Segomo's Mantle";"1"
"Tumz";"safe";"Thief's Knife";"1"
"Tumz";"safe";"A.Angel TT Stat.";"1"
"Tumz";"safe";"Mummu Gamash. +1";"1"
"Tumz";"safe";"Lanun Frac";"1"
"Tumz";"safe";"Amicus Grip";"1"
"Tumz";"safe";"Yel. VCS Plaque";"1"
"Tumz";"safe";"Denouements";"1"
"Tumz";"safe";"Mummu Bonnet +1";"1"
"Tumz";"safe";"Leth. Houseaux";"1"
"Tumz";"safe";"Navarch's Frac +1";"1"
"Tumz";"safe";"Ark Shield";"1"
"Tumz";"safe";"Adlivun Bullet";"96"
"Tumz";"safe";"Aliyat Chakram";"1"
"Tumz";"safe";"Jhakri Coronal +1";"1"
"Tumz";"safe";"Pukulatmuj +1";"1"
"Tumz";"storage";"Gazu Bracelets";"1"
"Tumz";"storage";"Hydra Jupon";"1"
"Tumz";"storage";"Senjuinrikio";"1"
"Tumz";"storage";"Chococard (M)";"1"
"Tumz";"storage";"Duelist's Belt";"1"
"Tumz";"storage";"VCS Reg. Card";"1"
"Tumz";"storage";"Tavnazia Bell";"1"
"Tumz";"storage";"Dragon Ring";"1"
"Tumz";"storage";"Cirein. Lantern";"1"
"Tumz";"storage";"Inyanga Tiara";"1"
"Tumz";"storage";"Cornflower Cape";"1"
"Tumz";"storage";"Smn. Torque";"1"
"Tumz";"storage";"Mummu Ring";"1"
"Tumz";"storage";"Colorless Soul";"2"
"Tumz";"storage";"Azukinagamitsu";"1"
"Tumz";"storage";"Daboya";"1"
"Tumz";"storage";"Brigantia Pebble";"1"
"Tumz";"storage";"Assim. Shalwar +1";"1"
"Tumz";"storage";"Hasty Pinion +1";"1"
"Tumz";"storage";"Relic Lance";"1"
"Tumz";"storage";"Relic Knuckles";"1"
"Tumz";"storage";"Aeolus Arrow";"1"
"Tumz";"storage";"Vexer Ring";"1"
"Tumz";"storage";"Egg Helm";"1"
"Tumz";"storage";"Paqichikaji Ring";"1"
"Tumz";"storage";"Vorpal Sword";"1"
"Tumz";"storage";"Ferine Necklace";"1"
"Tumz";"storage";"Gold Beastcoin";"12"
"Tumz";"storage";"Lifestream Cape";"1"
"Tumz";"storage";"Src. Tonban +2";"1"
"Tumz";"storage";"Pumpkin Head II";"1"
"Tumz";"storage";"H. Kindred Crest";"10"
"Tumz";"storage";"Witching Robe";"1"
"Tumz";"storage";"Ames";"1"
"Tumz";"storage";"Nahtirah Trousers";"1"
"Tumz";"storage";"Archon Ring";"1"
"Tumz";"storage";"Ocachi Gorget";"1"
"Tumz";"storage";"Relic Sword";"1"
"Tumz";"storage";"Archon Cape";"1"
"Tumz";"storage";"Melee Cyclas";"1"
"Tumz";"storage";"Luzaf's Ring";"1"
"Tumz";"storage";"Orvail Pants +1";"1"
"Tumz";"storage";"Earth Staff";"1"
"Tumz";"storage";"Healer's Torque";"1"
"Tumz";"storage";"Aswang Sash";"1"
"Tumz";"storage";"Sobek's Skin";"1"
"Tumz";"storage";"Relic Horn";"1"
"Tumz";"storage";"Commodore Belt";"1"
"Tumz";"storage";"Rosmerta's Cape";"1"
"Tumz";"storage";"Anwig Salade";"1"
"Tumz";"storage";"Honed Tathlum";"1"
"Tumz";"storage";"Toci's Harness";"1"
"Tumz";"storage";"Dunna";"1"
"Tumz";"storage";"Volley Earring";"1"
"Tumz";"storage";"Itzpapa. Scale";"2"
"Tumz";"storage";"Iron Plate";"3"
"Tumz";"storage";"Twilight Cape";"1"
"Tumz";"storage";"Bokwus Gloves";"1"
"Tumz";"storage";"Necropsyche";"1"
"Tumz";"storage";"Hagondes Cuffs";"1"
"Tumz";"storage";"Camulus's Mantle";"1"
"Tumz";"storage";"Sacrifice Torque";"1"
"Tumz";"storage";"Bounty Sickle";"1"
"Tumz";"storage";"Duelist's Tabard";"1"
"Tumz";"storage";"Beastmen's Seal";"2"
"Tumz";"storage";"Delkfutt Key";"1"
"Tumz";"storage";"Goading Belt";"1"
"Tumz";"storage";"Mercenary's Ring";"1"
"Tumz";"storage";"Zodiac Ring";"1"
"Tumz";"storage";"Terebellum Mantle";"1"
"Tumz";"storage";"Relic Staff";"1"
"Tumz";"storage";"Orthrus's Claw";"2"
"Tumz";"storage";"Stoicheion Medal";"1"
"Tumz";"storage";"Ababinili";"1"
"Tumz";"storage";"Duelist's Tights";"1"
"Tumz";"storage";"Merirosvo Ring";"1"
"Tumz";"locker";"Mavi Scarf";"1"
"Tumz";"locker";"Meghanada Ring";"1"
"Tumz";"locker";"Overbearing Ring";"1"
"Tumz";"locker";"Beorc Sword";"1"
"Tumz";"locker";"Storage Slip 08";"1"
"Tumz";"locker";"Dcl.Grd. Ring";"1"
"Tumz";"locker";"Ygnas's Resolve +1";"1"
"Tumz";"locker";"Steelflash Earring";"1"
"Tumz";"locker";"Vertigo Ring";"1"
"Tumz";"locker";"Cornflower Cape";"1"
"Tumz";"locker";"Pup. Churidars";"1"
"Tumz";"locker";"Yokaze Mantle";"1"
"Tumz";"locker";"Storage Slip 10";"1"
"Tumz";"locker";"Ayanmo Ring";"1"
"Tumz";"locker";"Storage Slip 11";"1"
"Tumz";"locker";"Perception Ring";"1"
"Tumz";"locker";"Uther's Grip";"1"
"Tumz";"locker";"Skeggiold";"1"
"Tumz";"locker";"Augur's Brais";"1"
"Tumz";"locker";"Vox Grip";"1"
"Tumz";"locker";"Vanir Battery";"1"
"Tumz";"locker";"Storage Slip 13";"1"
"Tumz";"locker";"Ogre Gloves";"1"
"Tumz";"locker";"Refraction Cape";"1"
"Tumz";"locker";"Fortified Ring";"1"
"Tumz";"locker";"Tiresias' Cape";"1"
"Tumz";"locker";"Ajjub Bow";"1"
"Tumz";"locker";"Hecate's Earring";"1"
"Tumz";"locker";"Lifestorm Earring";"1"
"Tumz";"locker";"Inspirited Boots";"1"
"Tumz";"locker";"Musical Earring";"1"
"Tumz";"locker";"Shadow Ring";"1"
"Tumz";"locker";"Con. Pigaches";"1"
"Tumz";"locker";"Sulevia's Ring";"1"
"Tumz";"locker";"Pantin Taj";"1"
"Tumz";"locker";"Meg. Chausses +2";"1"
"Tumz";"locker";"Hydra Bracers";"1"
"Tumz";"locker";"Tamaxchi";"1"
"Tumz";"locker";"Iqabi Necklace";"1"
"Tumz";"locker";"Warrior's Mask";"1"
"Tumz";"locker";"Balrahn's Ring";"1"
"Tumz";"locker";"Caller's Pendant";"1"
"Tumz";"locker";"Carbuncle Mitts";"1"
"Tumz";"locker";"Storage Slip 01";"1"
"Tumz";"locker";"Harmony Cape";"1"
"Tumz";"locker";"Evoker's Ring";"1"
"Tumz";"locker";"Pet Food Eta";"6"
"Tumz";"locker";"Vayuvata III";"1"
"Tumz";"locker";"Storage Slip 03";"1"
"Tumz";"locker";"Strendu Ring";"1"
"Tumz";"locker";"Lucidity Sash";"1"
"Tumz";"locker";"Storage Slip 06";"1"
"Tumz";"locker";"Crusher Gauntlets";"1"
"Tumz";"locker";"Sancus Sachet";"1"
"Tumz";"locker";"Anguinus Belt";"1"
"Tumz";"locker";"Lucky Broth";"1"
"Tumz";"locker";"Bloodrain Strap";"1"
"Tumz";"locker";"Moggiebag";"1"
"Tumz";"locker";"Diabolos's Rope";"1"
"Tumz";"locker";"Skulker's Earring";"1"
"Tumz";"locker";"Campestres's Cape";"1"
"Tumz";"locker";"Keraunos";"1"
"Tumz";"locker";"Doyen Pants";"1"
"Tumz";"locker";"Storage Slip 09";"1"
"Tumz";"locker";"Icesoul Ring";"1"
"Tumz";"locker";"Savant's Chain";"1"
"Tumz";"locker";"Scepter Staff";"1"
"Tumz";"locker";"Storage Slip 04";"1"
"Tumz";"locker";"Iota Ring";"1"
"Tumz";"locker";"Taeon Gloves";"1"
"Tumz";"locker";"Bladeborn Earring";"1"
"Tumz";"locker";"Convoker's Horn";"1"
"Tumz";"locker";"Storage Slip 15";"1"
"Tumz";"locker";"Smn. Bracers +2";"1"
"Tumz";"locker";"Belenos' Mantle";"1"
"Tumz";"satchel";"Nibiru Tabar";"1"
"Tumz";"satchel";"Chocobo Whistle";"1"
"Tumz";"satchel";"Chatoyant Staff";"1"
"Tumz";"satchel";"Thunder Sachet";"1"
"Tumz";"satchel";"Tavnazian Ring";"1"
"Tumz";"satchel";"Maxixi Bangles";"1"
"Tumz";"satchel";"Fed. Signet Staff";"1"
"Tumz";"satchel";"Instant Warp";"1"
"Tumz";"satchel";"Src. Gloves +2";"1"
"Tumz";"satchel";"Mars Orb";"1"
"Tumz";"satchel";"Lancer's Torque";"1"
"Tumz";"satchel";"Danger Grip";"1"
"Tumz";"satchel";"Unkai Mimikazari";"1"
"Tumz";"satchel";"Mog Pell (Red)";"4"
"Tumz";"satchel";"Impulse Belt";"1"
"Tumz";"satchel";"Artful Belt +1";"1"
"Tumz";"satchel";"Destrier Beret";"1"
"Tumz";"satchel";"Lustreless Hide";"23"
"Tumz";"satchel";"Queller Rod";"1"
"Tumz";"satchel";"Abdhaljs Seal";"2"
"Tumz";"satchel";"Artemis's Bow";"1"
"Tumz";"satchel";"Mijin";"1"
"Tumz";"satchel";"Pulfanxa";"1"
"Tumz";"satchel";"Mutsunokami";"1"
"Tumz";"satchel";"Plun. Poulaines";"1"
"Tumz";"satchel";"Max-Potion";"2"
"Tumz";"satchel";"O. Bronzepiece";"12"
"Tumz";"satchel";"Trick Staff";"1"
"Tumz";"satchel";"Atst. of Invuln.";"1"
"Tumz";"satchel";"Temachtiani Shirt";"1"
"Tumz";"satchel";"Pitchfork";"1"
"Tumz";"satchel";"Gatta Strap +1";"1"
"Tumz";"satchel";"Houyi's Gorget";"1"
"Tumz";"satchel";"Instant Reraise";"1"
"Tumz";"satchel";"Ibushi Shinai";"1"
"Tumz";"satchel";"Atst. of Legerity";"1"
"Tumz";"satchel";"L. Jadeshell";"1"
"Tumz";"satchel";"Acad. Loafers";"1"
"Tumz";"satchel";"Green 3D Almirah";"1"
"Tumz";"satchel";"Xaddi Boots";"1"
"Tumz";"satchel";"T. Whiteshell";"5"
"Tumz";"satchel";"Consumm. Torque";"1"
"Tumz";"satchel";"Curatio Grip";"1"
"Tumz";"satchel";"Chaosbringer";"1"
"Tumz";"satchel";"Moepapa Medal";"1"
"Tumz";"satchel";"Kuwunga Earring";"1"
"Tumz";"satchel";"Love Torque";"1"
"Tumz";"satchel";"Arctier's Torque";"1"
"Tumz";"satchel";"Peda. M.Board";"1"
"Tumz";"satchel";"Reraiser";"1"
"Tumz";"satchel";"Echo Drops";"1"
"Tumz";"satchel";"Chocobo Shirt";"1"
"Tumz";"satchel";"Temachtiani Gloves";"1"
"Tumz";"satchel";"Gifted Earring";"1"
"Tumz";"satchel";"Holy Water";"20"
"Tumz";"satchel";"Remedy";"25"
"Tumz";"satchel";"Scholar's Bracers";"1"
"Tumz";"satchel";"Ajax +1";"1"
"Tumz";"satchel";"Cobra Staff";"1"
"Tumz";"satchel";"Beatific Shield";"1"
"Tumz";"sack";"Beastly Shank";"1"
"Tumz";"sack";"Beitetsu";"2"
"Tumz";"sack";"Knightly Earring";"1"
"Tumz";"sack";"Koga Tekko";"1"
"Tumz";"sack";"Diligence Grimoire";"1"
"Tumz";"sack";"Rabid Visor";"1"
"Tumz";"sack";"P. RUN Card";"1"
"Tumz";"sack";"P. DRG Card";"9"
"Tumz";"sack";"Dwarf Pugil";"1"
"Tumz";"sack";"Lebros Chronicle";"1"
"Tumz";"sack";"Periqia Diary";"1"
"Tumz";"sack";"Mamool Ja Journal";"1"
"Tumz";"sack";"Leujaoam Log";"1"
"Tumz";"sack";"Abyssdiver Feather";"10"
"Tumz";"sack";"Befouled Crown";"1"
"Tumz";"sack";"Avatara Slops";"1"
"Tumz";"sack";"Black. I. Card";"40"
"Tumz";"sack";"Pole Grip";"1"
"Tumz";"sack";"Rusted I. Card";"65"
"Tumz";"sack";"Rudianos's Mantle";"1"
"Tumz";"sack";"Savory Shank";"1"
"Tumz";"sack";"Heavy Metal";"7"
"Tumz";"sack";"Enkidu's Cap";"1"
"Tumz";"sack";"Thuellaic Ecu +1";"1"
"Tumz";"sack";"Count's Cuffs";"1"
"Tumz";"sack";"Zoraal Ja's Axe";"1"
"Tumz";"sack";"A. Tok.: Head +1";"1"
"Tumz";"sack";"Twinned Shield";"1"
"Tumz";"sack";"Limbo Trousers";"1"
"Tumz";"sack";"Sickle";"10"
"Tumz";"sack";"H. Kindred Crest";"8"
"Tumz";"sack";"Erilaz Gauntlets";"1"
"Tumz";"sack";"Meekculler";"1"
"Tumz";"sack";"Deviant Necklace";"1"
"Tumz";"sack";"Fly Lure";"2"
"Tumz";"sack";"Defiant Collar";"1"
"Tumz";"sack";"Malison Medallion";"1"
"Tumz";"sack";"Lustreless Wing";"121"
"Tumz";"sack";"Famine Sash";"1"
"Tumz";"sack";"Riftborn Boulder";"47"
"Tumz";"sack";"Voidtorso: RUN";"1"
"Tumz";"sack";"A. Vou.: Feet +1";"1"
"Tumz";"sack";"A. Vou.: Hands +1";"1"
"Tumz";"sack";"Phrenic Torque";"1"
"Tumz";"sack";"Pulchridopt Wing";"24"
"Tumz";"sack";"A. Vou.: Head +1";"1"
"Tumz";"sack";"Nierenschutz";"1"
"Tumz";"sack";"S. Astral Detritus";"25"
"Tumz";"sack";"Forbidden Key";"17"
"Tumz";"sack";"A. Tok.: Fingers";"1"
"Tumz";"sack";"Mephitis Grip";"1"
"Tumz";"sack";"Cryptic Earring";"1"
"Tumz";"sack";"Shihei";"99"
"Tumz";"sack";"Erilaz Greaves +1";"1"
"Tumz";"sack";"Lustreless Scale";"6"
"Tumz";"sack";"A. Vou.: Body +1";"1"
"Tumz";"sack";"Kindred's Crest";"4"
"Tumz";"sack";"Copper Voucher";"2"
"Tumz";"sack";"Ilrusi Ledger";"1"
"Tumz";"sack";"H-P Bayld";"37"
"Tumz";"sack";"P. WHM Card";"11"
"Tumz";"sack";"Erilaz Surcoat +1";"1"
"Tumz";"sack";"Sublime Sushi";"3"
"Tumz";"sack";"Signal Pearl";"1"
"Tumz";"sack";"Tarutaru Rice";"60"
"Tumz";"sack";"Pluton";"28"
"Tumz";"sack";"S. Kindred Crest";"4"
"Tumz";"sack";"Flame Earring";"1"
"Tumz";"sack";"Cibitshavore";"1"
"Tumz";"sack";"Bokwus Boots";"1"
"Tumz";"case";"Samanisi Cape";"1"
"Tumz";"case";"Aoidos' Calot +2";"1"
"Tumz";"case";"Hi-Elixir";"1"
"Tumz";"case";"Toolbag (Ino)";"12"
"Tumz";"case";"Drachen Brais";"1"
"Tumz";"case";"Shrimp Lure";"1"
"Tumz";"case";"Rev. Leggings +1";"1"
"Tumz";"case";"Samnuha Coat";"1"
"Tumz";"case";"Maze Tabula M01";"1"
"Tumz";"case";"Trump Card Case";"9"
"Tumz";"case";"Anchoret's Mantle";"1"
"Tumz";"case";"Aoidos' Cothrn. +2";"1"
"Tumz";"case";"Glyphic Doublet";"1"
"Tumz";"case";"Legato Dagger";"1"
"Tumz";"case";"Ames";"1"
"Tumz";"case";"Prism Powder";"19"
"Tumz";"case";"Creed Armet +2";"1"
"Tumz";"case";"Aoidos' Earring";"1"
"Tumz";"case";"Pro-Ether";"2"
"Tumz";"case";"Aoidos' Rhing. +2";"1"
"Tumz";"case";"Etched Memory";"44"
"Tumz";"case";"Cornflower Cape";"1"
"Tumz";"case";"Bane Cape";"1"
"Tumz";"case";"Thundersoul Ring";"1"
"Tumz";"case";"Aoidos' Matinee";"1"
"Tumz";"case";"Colada";"1"
"Tumz";"case";"Smn. Spats +2";"1"
"Tumz";"case";"Himetsuruichimonji";"1"
"Tumz";"case";"Kuchekula Ring";"1"
"Tumz";"case";"Takaha Mantle";"1"
"Tumz";"case";"Ad. Mnchtte. +2";"1"
"Tumz";"case";"Aoidos' Hngrln. +2";"1"
"Tumz";"case";"Kayapa Cape";"1"
"Tumz";"case";"Em. Bul. Pouch";"12"
"Tumz";"case";"Silent Oil";"9"
"Tumz";"case";"Creed Earring";"1"
"Tumz";"case";"Rev. Breeches +1";"1"
"Tumz";"case";"Mirage Jubbah +2";"1"
"Tumz";"case";"Trump Card";"63"
"Tumz";"case";"Canny Cape";"1"
"Tumz";"case";"Acclimator";"1"
"Tumz";"case";"Toetapper Mantle";"1"
"Tumz";"case";"Sabiki Rig";"1"
"Tumz";"case";"Runeist Trousers";"1"
"Tumz";"case";"Terpander";"1"
"Tumz";"case";"Weard Mantle";"1"
"Tumz";"case";"Rev. Surcoat +1";"1"
"Tumz";"case";"Rev. Gauntlets";"1"
"Tumz";"case";"Updraft Mantle";"1"
"Tumz";"case";"Remedy";"12"
"Tumz";"case";"Thief's Tools";"12"
"Tumz";"case";"Runeist Coat +2";"1"
"Tumz";"case";"Echo Drops";"12"
"Tumz";"case";"Aspir Knife";"1"
"Tumz";"case";"Mauler's Mantle";"1"
"Tumz";"case";"Loyalist Sabatons";"1"
"Tumz";"case";"Drachen Fng. Gnt.";"1"
"Tumz";"case";"Toolbag (Cho)";"1"
"Tumz";"case";"Sleep Quiver";"1"
"Tumz";"case";"Automat. Oil +3";"106"
"Tumz";"case";"Plun. Armlets +1";"1"
"Tumz";"case";"Kalboron Stone";"1"
"Tumz";"safe2";"Iuven. Mittens +1";"1"
"Tumz";"safe2";"Adenium Masque";"1"
"Tumz";"safe2";"Sukeroku Hachi.";"1"
"Tumz";"safe2";"Centurion's Visor";"1"
"Tumz";"safe2";"Trizek Ring";"1"
"Tumz";"safe2";"Corduroy Cloth";"3"
"Tumz";"safe2";"Expertise Ring";"1"
"Tumz";"safe2";"Behe. Masque +1";"1"
"Tumz";"safe2";"Diabolic Yarn";"7"
"Tumz";"safe2";"Geo. Galero +1";"1"
"Tumz";"safe2";"White Rivet";"2"
"Tumz";"safe2";"Ecarlate Cloth";"4"
"Tumz";"safe2";"Buremte Hat";"1"
"Tumz";"safe2";"Psycloth Vest";"1"
"Tumz";"safe2";"Killer Bow";"1"
"Tumz";"safe2";"Battlecast Gaiters";"1"
"Tumz";"safe2";"Etoile Tights";"1"
"Tumz";"safe2";"Endorsement Ring";"1"
"Tumz";"safe2";"Councilor's Garb";"1"
"Tumz";"safe2";"Kurogane";"1"
"Tumz";"safe2";"Canvas Toile";"1"
"Tumz";"safe2";"Kinship Axe";"1"
"Tumz";"safe2";"P. DNC Card";"1"
"Tumz";"safe2";"Rby. Silk Thread";"6"
"Tumz";"safe2";"Plaited Cord";"1"
"Tumz";"safe2";"Aphmau Statue";"1"
"Tumz";"safe2";"Demersal Degen";"1"
"Tumz";"safe2";"Light Filament";"1"
"Tumz";"safe2";"Aalak' Axe";"1"
"Tumz";"safe2";"Geo. Tunic +1";"1"
"Tumz";"safe2";"Cbl. Myth. Sheet";"2"
"Tumz";"safe2";"Inferno Claws";"1"
"Tumz";"safe2";"Assim. Charuqs +1";"1"
"Tumz";"safe2";"Luhlaza Charuqs";"1"
"Tumz";"safe2";"Hagondes Pants";"1"
"Tumz";"safe2";"Echad Ring";"1"
"Tumz";"safe2";"Akitu Shirt";"1"
"Tumz";"safe2";"Hagondes Coat";"1"
"Tumz";"safe2";"Decennial Coat +1";"1"
"Tumz";"safe2";"Yomi's Diagram";"12"
"Tumz";"safe2";"Windslicer";"1"
"Tumz";"safe2";"Emporox's Ring";"1"
"Tumz";"safe2";"Sturdy Axe";"1"
"Tumz";"safe2";"Nilas Gloves";"1"
"Tumz";"safe2";"Burning Fists";"1"
"Tumz";"safe2";"Blue Rivet";"5"
"Tumz";"safe2";"Councilor's Cuffs";"1"
"Tumz";"safe2";"Choco. Shield +1";"1"
"Tumz";"safe2";"Pantin Wire";"2"
"Tumz";"safe2";"Eminent Sword";"1"
"Tumz";"safe2";"Trotter Boots";"1"
"Tumz";"safe2";"Black Rivet";"2"
"Tumz";"safe2";"Astral Leather";"3"
"Tumz";"safe2";"Brown Doeskin";"2"
"Tumz";"safe2";"Decennial Crown +1";"1"
"Tumz";"safe2";"Coiled Yarn";"6"
"Tumz";"safe2";"Ut. Gold Thread";"1"
"Tumz";"safe2";"Geo. Mitaines +1";"1"
"Tumz";"safe2";"Geo. Pants +1";"1"
"Tumz";"safe2";"Lizard Mantle +1";"1"
"Tumz";"safe2";"Psycloth Manillas";"1"
"Tumz";"safe2";"Bokwus Robe";"1"
"Tumz";"safe2";"Emperor Band";"1"
"Tumz";"safe2";"Assim. Jubbah +1";"1"
"Tumz";"safe2";"Twilight Torque";"1"
"Tumz";"safe2";"Battle Bow";"1"
"Tumz";"safe2";"Dark Orichalcum";"1"
"Tumz";"safe2";"Caliber Ring";"1"
"Tumz";"safe2";"Glory Crown";"1"
"Tumz";"safe2";"Eminent Dagger";"1"
"Tumz";"safe2";"Nomad's Tunica";"1"
"Tumz";"safe2";"Assim. Bazu. +1";"1"
"Tumz";"safe2";"Moogle Guard +1";"1"
"Tumz";"safe2";"Glittering Yarn";"4"
"Tumz";"safe2";"Scarlet Odoshi";"6"
"Tumz";"safe2";"Brilliantine";"3"
"Tumz";"safe2";"Facility Ring";"1"
"Tumz";"safe2";"Geo. Sandals +1";"1"
"Tumz";"safe2";"Scorpion Arrow";"22"
"Tumz";"safe2";"Al. Bolt Quiver";"1"
"Tumz";"wardrobe2";"Epeolatry";"1"
"Tumz";"wardrobe2";"Theo. Duckbills +1";"1"
"Tumz";"wardrobe2";"Nexus Cape";"1"
"Tumz";"wardrobe2";"Incarnation Sash";"1"
"Tumz";"wardrobe2";"Imbodla Necklace";"1"
"Tumz";"wardrobe2";"Theo. Mitts +1";"1"
"Tumz";"wardrobe2";"Ogma's Cape";"1"
"Tumz";"wardrobe2";"Tali'ah Crackows +1";"1"
"Tumz";"wardrobe2";"Gende. Gages +1";"1"
"Tumz";"wardrobe2";"Futhark Torque";"1"
"Tumz";"wardrobe2";"Queller Rod";"1"
"Tumz";"wardrobe2";"Ebers Cap";"1"
"Tumz";"wardrobe2";"Dgn. Collar +1";"1"
"Tumz";"wardrobe2";"Ohtas";"1"
"Tumz";"wardrobe2";"Sapience Orb";"1"
"Tumz";"wardrobe2";"Incantor Stone";"1"
"Tumz";"wardrobe2";"Runeist Mitons";"1"
"Tumz";"wardrobe2";"Vishap Armet";"1"
"Tumz";"wardrobe2";"Roundel Earring";"1"
"Tumz";"wardrobe2";"Dispersal Mantle";"1"
"Tumz";"wardrobe2";"Spiral Ring";"1"
"Tumz";"wardrobe2";"Tali'ah Gages +1";"1"
"Tumz";"wardrobe2";"Vocane Ring";"1"
"Tumz";"wardrobe2";"Chivalrous Chain";"1"
"Tumz";"wardrobe2";"Piety Bliaut +1";"1"
"Tumz";"wardrobe2";"Ebers Bliaut +1";"1"
"Tumz";"wardrobe2";"Animator P II";"1"
"Tumz";"wardrobe2";"Cirque Cappello +1";"1"
"Tumz";"wardrobe2";"Sulev. Cuisses +2";"1"
"Tumz";"wardrobe2";"Sulevia's Mask +2";"1"
"Tumz";"wardrobe2";"Decennial Tights +1";"1"
"Tumz";"wardrobe2";"Sulevia's Plate. +2";"1"
"Tumz";"wardrobe2";"Heka's Kalasiris";"1"
"Tumz";"wardrobe2";"Fanatic Gloves";"1"
"Tumz";"wardrobe2";"Windbuffet Belt";"1"
"Tumz";"wardrobe2";"Gae Derg +1";"1"
"Tumz";"wardrobe2";"Swith Cape";"1"
"Tumz";"wardrobe2";"Sors Shield";"1"
"Tumz";"wardrobe2";"Isa Belt";"1"
"Tumz";"wardrobe2";"Moonbeam Ring";"1"
"Tumz";"wardrobe2";"Telchine Gloves";"1"
"Tumz";"wardrobe2";"Enlivened Ring";"1"
"Tumz";"wardrobe2";"Orison Earring";"1"
"Tumz";"wardrobe2";"Futhark Bandeau";"1"
"Tumz";"wardrobe2";"Ephedra Ring";"1"
"Tumz";"wardrobe2";"Turms Leggings";"1"
"Tumz";"wardrobe2";"Aya. Cosciales +2";"1"
"Tumz";"wardrobe2";"Ej Necklace";"1"
"Tumz";"wardrobe2";"Pahtli Cape";"1"
"Tumz";"wardrobe2";"Herculean Gloves";"1"
"Tumz";"wardrobe2";"Flamma Korazin +2";"1"
"Tumz";"wardrobe2";"Bathy Choker +1";"1"
"Tumz";"wardrobe2";"Ebers Mitts +1";"1"
"Tumz";"wardrobe2";"Lu Shang's F. Rod";"1"
"Tumz";"wardrobe2";"Eletta Grip";"1"
"Tumz";"wardrobe2";"Aya. Manopolas +2";"1"
"Tumz";"wardrobe2";"Sulev. Gauntlets +2";"1"
"Tumz";"wardrobe2";"Hepatizon Axe +1";"1"
"Tumz";"wardrobe2";"Sangoma Ring";"1"
"Tumz";"wardrobe2";"Homiliary";"1"
"Tumz";"wardrobe2";"Runeist Bottes";"1"
"Tumz";"wardrobe2";"Futhark Trousers";"1"
"Tumz";"wardrobe2";"Ayanmo Corazza +2";"1"
"Tumz";"wardrobe2";"Burana Earring";"1"
"Tumz";"wardrobe2";"Wyrm Armet";"1"
"Tumz";"wardrobe2";"Tali'ah Turban +1";"1"
"Tumz";"wardrobe2";"Turms Harness";"1"
"Tumz";"wardrobe2";"Per. Lucky Egg";"1"
"Tumz";"wardrobe2";"Flam. Zucchetto +2";"1"
"Tumz";"wardrobe2";"Angon";"69"
"Tumz";"wardrobe2";"Kaja Sword";"1"
"Tumz";"wardrobe2";"Kuku Stone";"1"
"Tumz";"wardrobe2";"Nuna Gorget";"1"
"Tumz";"wardrobe2";"Sirona's Ring";"1"
"Tumz";"wardrobe2";"Shrimp Lure";"1"
"Tumz";"wardrobe2";"Rune. Bandeau +1";"1"
"Tumz";"wardrobe2";"Ebers Pant. +1";"1"
"Tumz";"wardrobe2";"Cirq. Pantaloni +2";"1"
"Tumz";"wardrobe2";"Theo. Cap +1";"1"
"Tumz";"slip 01";"Anu's Gages";"1"
"Tumz";"slip 01";"T.kazu Sune-Ate";"1"
"Tumz";"slip 01";"Enlil's Crackows";"1"
"Tumz";"slip 01";"Njord's Ledelsens";"1"
"Tumz";"slip 01";"Phobos's Gnt.";"1"
"Tumz";"slip 04";"Immortal's Scimitar";"1"
"Tumz";"slip 04";"Dancer's Tiara";"1"
"Tumz";"slip 04";"Blessed Hammer";"1"
"Tumz";"slip 04";"Dancer's Toe Shoes";"1"
"Tumz";"slip 04";"Dancer's Tights";"1"
"Tumz";"slip 04";"War Hoop";"1"
"Tumz";"slip 04";"Evoker's Spats";"1"
"Tumz";"slip 04";"Evoker's Bracers";"1"
"Tumz";"slip 04";"Kukulcan's Staff";"1"
"Tumz";"slip 04";"Honor Sword";"1"
"Tumz";"slip 06";"Argute Belt";"1"
"Tumz";"slip 06";"Warrior's Mufflers";"1"
"Tumz";"slip 06";"Cleric's Belt";"1"
"Tumz";"slip 06";"Mirage Keffiyeh";"1"
"Tumz";"slip 06";"Wyrm Mail";"1"
"Tumz";"slip 06";"Melee Crown";"1"
"Tumz";"slip 06";"Bard's Jstcorps";"1"
"Tumz";"slip 06";"Sorcerer's Sabots";"1"
"Tumz";"slip 06";"Argute Loafers";"1"
"Tumz";"slip 06";"Argute Pants";"1"
"Tumz";"slip 06";"Sorcerer's Petas.";"1"
"Tumz";"slip 06";"Etoile Tights";"1"
"Tumz";"slip 06";"Monster Gaiters";"1"
"Tumz";"slip 06";"Abyss Cuirass";"1"
"Tumz";"slip 06";"Bard's Roundlet";"1"
"Tumz";"slip 06";"Koga Chainmail";"1"
"Tumz";"slip 06";"Abyss Burgeonet";"1"
"Tumz";"slip 06";"Valor Surcoat";"1"
"Tumz";"slip 06";"Argute M.board";"1"
"Tumz";"slip 06";"Etoile Toe Shoes";"1"
"Tumz";"slip 06";"Etoile Casaque";"1"
"Tumz";"slip 06";"Assassin's Cape";"1"
"Tumz";"slip 06";"Argute Gown";"1"
"Tumz";"slip 06";"Melee Gloves";"1"
"Tumz";"slip 06";"Pantin Cape";"1"
"Tumz";"slip 06";"Scout's Belt";"1"
"Tumz";"slip 06";"Pantin Babouches";"1"
"Tumz";"slip 06";"Abyss Gauntlets";"1"
"Tumz";"slip 06";"Assassin's Vest";"1"
"Tumz";"slip 06";"Wyrm Fng.Gnt.";"1"
"Tumz";"slip 06";"Cleric's Cap";"1"
"Tumz";"slip 06";"Summoner's Brcr.";"1"
"Tumz";"slip 06";"Saotome Kabuto";"1"
"Tumz";"slip 06";"Wyrm Belt";"1"
"Tumz";"slip 06";"Monster Helm";"1"
"Tumz";"slip 06";"Assassin's Pouln.";"1"
"Tumz";"slip 06";"Wyrm Greaves";"1"
"Tumz";"slip 06";"Scout's Beret";"1"
"Tumz";"slip 06";"Summoner's Cape";"1"
"Tumz";"slip 06";"Sao. Koshi-Ate";"1"
"Tumz";"slip 06";"Warrior's Stone";"1"
"Tumz";"slip 06";"Summoner's Horn";"1"
"Tumz";"slip 06";"Sorcerer's Gloves";"1"
"Tumz";"slip 06";"Sorcerer's Coat";"1"
"Tumz";"slip 06";"Warrior's Lorica";"1"
"Tumz";"slip 06";"Pantin Dastanas";"1"
"Tumz";"slip 06";"Abyss Cape";"1"
"Tumz";"slip 06";"Bard's Cuffs";"1"
"Tumz";"slip 06";"Monster Belt";"1"
"Tumz";"slip 06";"Bard's Slippers";"1"
"Tumz";"slip 06";"Duelist's Chapeau";"1"
"Tumz";"slip 06";"Sorcerer's Tonban";"1"
"Tumz";"slip 06";"Monster Jackcoat";"1"
"Tumz";"slip 06";"Monster Trousers";"1"
"Tumz";"slip 06";"Monster Gloves";"1"
"Tumz";"slip 06";"Cleric's Mitts";"1"
"Tumz";"slip 06";"Valor Coronet";"1"
"Tumz";"slip 06";"Valor Breeches";"1"
"Tumz";"slip 06";"Melee Cape";"1"
"Tumz";"slip 06";"Warrior's Cuisses";"1"
"Tumz";"slip 06";"Scout's Jerkin";"1"
"Tumz";"slip 06";"Saotome Domaru";"1"
"Tumz";"slip 06";"Scout's Braccae";"1"
"Tumz";"slip 06";"Assassin's Culottes";"1"
"Tumz";"slip 08";"Mavi Basmak";"1"
"Tumz";"slip 08";"Ravager's Calligae";"1"
"Tumz";"slip 08";"Savant's Earring";"1"
"Tumz";"slip 08";"Unkai Sune-Ate";"1"
"Tumz";"slip 08";"Mavi Tathlum";"1"
"Tumz";"slip 08";"Charis Earring";"1"
"Tumz";"slip 08";"Ferine Ocreae";"1"
"Tumz";"slip 08";"Creed Sabatons";"1"
"Tumz";"slip 08";"Orison Duckbills";"1"
"Tumz";"slip 08";"Cirque Scarpe";"1"
"Tumz";"slip 08";"Goetia Earring";"1"
"Tumz";"slip 08";"Goetia Sabots";"1"
"Tumz";"slip 08";"Cirque Sash";"1"
"Tumz";"slip 08";"Lncr. Schynbalds";"1"
"Tumz";"slip 08";"Bale Sollerets";"1"
"Tumz";"slip 08";"Caller's Bracers";"1"
"Tumz";"slip 08";"Savant's Chain";"1"
"Tumz";"slip 08";"Savant's Loafers";"1"
"Tumz";"slip 08";"Charis Feather";"1"
"Tumz";"slip 08";"Ravager's Earring";"1"
"Tumz";"slip 08";"Goetia Mantle";"1"
"Tumz";"slip 08";"Creed Baudrier";"1"
"Tumz";"slip 08";"Tantra Gaiters";"1"
"Tumz";"slip 09";"Mavi Tayt +1";"1"
"Tumz";"slip 09";"Lancer's Mezail +1";"1"
"Tumz";"slip 09";"Mavi Kavuk +1";"1"
"Tumz";"slip 09";"Caller's Horn +1";"1"
"Tumz";"slip 09";"Raid. Culottes +1";"1"
"Tumz";"slip 09";"Caller's Pgch. +1";"1"
"Tumz";"slip 09";"Lncr. Cuissots +1";"1"
"Tumz";"slip 10";"Creed Cuirass +2";"1"
"Tumz";"slip 10";"Call. Doublet +2";"1"
"Tumz";"slip 10";"Tantra Hose +2";"1"
"Tumz";"slip 11";"Kitty Rod";"1"
"Tumz";"slip 15";"Foire Taj";"1"
"Tumz";"key items";"Mythril Wings of Service ∮∮";"1"
"Tumz";"key items";"crimson orb";"1"
"Tumz";"key items";"map of Promyvion - Holla";"1"
"Tumz";"key items";"Atmacite of the Slayer";"1"
"Tumz";"key items";"Atma of the Merciless Matriarch";"1"
"Tumz";"key items";"Starlight Medal ∮";"1"
"Tumz";"key items";"Dynamis - Buburimu sliver";"1"
"Tumz";"key items";"astral cube";"1"
"Tumz";"key items";"semi-pure alizarin yggzi";"1"
"Tumz";"key items";"Atma of the Scarlet Wing";"1"
"Tumz";"key items";"map of Dynamis - Buburimu";"1"
"Tumz";"key items";"Ruspix's plate";"1"
"Tumz";"key items";"Atmacite of Enticement";"1"
"Tumz";"key items";"Atma of Illusions";"1"
"Tumz";"key items";"Black Card";"1"
"Tumz";"key items";"Atmacite of Deluges";"1"
"Tumz";"key items";"job gesture: dark knight";"1"
"Tumz";"key items";"map of Ru'Hmet";"1"
"Tumz";"key items";"lunar abyssite";"1"
"Tumz";"key items";"prismatic fragment";"1"
"Tumz";"key items";"periapt of emergence";"1"
"Tumz";"key items";"ashen stratum abyssite III";"1"
"Tumz";"key items";"Atmacite of Temperance";"1"
"Tumz";"key items";"mucid Ahriman eyeball";"1"
"Tumz";"key items";"cracked wivre horn";"1"
"Tumz";"key items";"Atma of the Banisher";"1"
"Tumz";"key items";"map of Tavnazia";"1"
"Tumz";"key items";"job gesture: paladin";"1"
"Tumz";"key items";"map of Marjami Ravine";"1"
"Tumz";"key items";"Dhokmak's blood sigil";"1"
"Tumz";"key items";"map of the Toraimarai Canal";"1"
"Tumz";"key items";"vivid periapt of concentration";"1"
"Tumz";"key items";"map of the Horutoto Ruins";"1"
"Tumz";"key items";"green-labeled crate";"1"
"Tumz";"key items";"map of Ordelle's Caves";"1"
"Tumz";"key items";"map of the Northlands area";"1"
"Tumz";"key items";"Hydra Corps Insignia";"1"
"Tumz";"key items";"fabricated ward of biting winds";"1"
"Tumz";"key items";"airship pass for Kazham";"1"
"Tumz";"key items";"azure abyssite of merit";"1"
"Tumz";"key items";"map of Wajaom Woodlands";"1"
"Tumz";"key items";"impure phlox yggzi";"1"
"Tumz";"key items";"battle trophy: 3rd echelon";"1"
"Tumz";"key items";"Gin’s bead";"1"
"Tumz";"key items";""Rhapsody in Mauve"";"1"
"Tumz";"key items";"map of Abyssea - Misareaux";"1"
"Tumz";"key items";"Bastok warp rune";"1"
"Tumz";"key items";"azure abyssite of prosperity";"1"
"Tumz";"key items";"boarding permit";"1"
"Tumz";"key items";"Atmacite of Exhortation";"1"
"Tumz";"key items";"job breaker";"1"
"Tumz";"key items";"map of Dynamis - Xarcabard";"1"
"Tumz";"key items";"reliquiarium key";"1"
"Tumz";"key items";"Wyatt's proposal";"1"
"Tumz";"key items";"♪Crab companion";"1"
"Tumz";"key items";"map of the Dangruf Wadi";"1"
"Tumz";"key items";""Elite Training: Chapter 7"";"1"
"Tumz";"key items";"prototype attuner";"1"
"Tumz";"key items";"ivory abyssite of perspicacity";"1"
"Tumz";"key items";"vivid periapt of concord";"1"
"Tumz";"key items";"Atma of the Horned Beast";"1"
"Tumz";"key items";"runic key";"1"
"Tumz";"key items";"dimensional compass";"1"
"Tumz";"key items";"indigo stratum abyssite IV";"1"
"Tumz";"key items";"Mark of the Einherjar";"1"
"Tumz";"key items";"♪Noble Chocobo companion";"1"
"Tumz";"key items";"Hydra Corps Battle Standard";"1"
"Tumz";"key items";"map of King Ranperre's Tomb";"1"
"Tumz";"key items";"scarlet abyssite of kismet";"1"
"Tumz";"key items";"aged Undying Naakual crest";"1"
"Tumz";"key items";"Atma of Aquatic Ardor";"1"
"Tumz";"key items";"voidstone";"1"
"Tumz";"key items";"♪Tiger companion";"1"
"Tumz";"key items";"azure abyssite of lenity";"1"
"Tumz";"key items";"Cosmo-Cleanse";"1"
"Tumz";"key items";"semi-pure celadon yggzi";"1"
"Tumz";"key items";""Watercrafting"";"1"
"Tumz";"key items";""The Essence of Dance"";"1"
"Tumz";"key items";"jade abyssite of merit";"1"
"Tumz";"key items";"Shard of Arrogance";"1"
"Tumz";"key items";"manaclipper multi-ticket";"1"
"Tumz";"key items";"ivory abyssite of the reaper";"1"
"Tumz";"key items";"Altepa gate crystal";"1"
"Tumz";"key items";"Shard of Cowardice";"1"
"Tumz";"key items";"Dem gate crystal";"1"
"Tumz";"key items";"Rabao warp rune";"1"
"Tumz";"key items";""Imperial Lineage" chapter VIII";"1"
"Tumz";"key items";"verm. abyssite of perspicacity";"1"
"Tumz";"key items";"Jugner gate crystal";"1"
"Tumz";"key items";"squire certificate";"1"
"Tumz";"key items";"job gesture: thief";"1"
"Tumz";"key items";"Moghancement: Bounty";"1"
"Tumz";"key items";"map of the Sacrarium";"1"
"Tumz";"key items";"traverser stone";"1"
"Tumz";"key items";"Rhinostery certificate";"1"
"Tumz";"key items";"rainbow resonator";"1"
"Tumz";"key items";"ivory abyssite of prosperity";"1"
"Tumz";"key items";"Dynamis - Tavnazia sliver";"1"
"Tumz";"key items";"heart of the bushin";"1"
"Tumz";"key items";"red coral key";"1"
"Tumz";"key items";"chipped imp's olifant";"1"
"Tumz";"key items";""Sow★Your★Seed!"";"1"
"Tumz";"key items";"moglophone II";"1"
"Tumz";"key items";"ivory abyssite of sojourn";"1"
"Tumz";"key items";"Pashhow gate crystal";"1"
"Tumz";"key items";"cerise seal";"1"
"Tumz";"key items";"Delkfutt key";"1"
"Tumz";"key items";"map of Dynamis - Tavnazia";"1"
"Tumz";"key items";"Mea gate crystal";"1"
"Tumz";"key items";"Phoenix's blessing";"1"
"Tumz";"key items";"Vahzl gate crystal";"1"
"Tumz";"key items";"Shard of Apathy";"1"
"Tumz";"key items";"Teodor's blood sigil";"1"
"Tumz";"key items";"bloodied saber tooth";"1"
"Tumz";"key items";"Atma of the Voracious Violet";"1"
"Tumz";"key items";"cast metal plate";"1"
"Tumz";"key items";"Atma of the Stronghold";"1"
"Tumz";"key items";"Meriphataud gate crystal";"1"
"Tumz";"key items";"Shadow Lord phantom gem";"1"
"Tumz";"key items";"San d'Oria Trust permit";"1"
"Tumz";"key items";"malodorous marid fur";"1"
"Tumz";"key items";"tattered Maze Monger pouch";"1"
"Tumz";"key items";"Atma of the Ebon Hoof";"1"
"Tumz";"key items";"Rosulatia's pome";"1"
"Tumz";"key items";"Atma of the Deep Devourer";"1"
"Tumz";"key items";"ivory abyssite of avarice";"1"
"Tumz";"key items";"job gesture: bard";"1"
"Tumz";"key items";"Tenshodo Member's Card";"1"
"Tumz";"key items";"Holyknight Emblem ∮∮∮∮";"1"
"Tumz";"key items";"map of Temple of Uggalepih";"1"
"Tumz";"key items";"vial of dream incense";"1"
"Tumz";"key items";"map of Newton Movalpolos";"1"
"Tumz";"key items";"Atma of the Lion";"1"
"Tumz";"key items";"Atmacite of the Forager";"1"
"Tumz";"key items";"venomous wamoura feeler";"1"
"Tumz";"key items";"map to the Annals of Truth";"1"
"Tumz";"key items";"map of Al'Taieu";"1"
"Tumz";"key items";"map of Hu'Xzoi";"1"
"Tumz";"key items";"map of Castle Oztroja";"1"
"Tumz";"key items";"job gesture: monk";"1"
"Tumz";"key items";"maddening petrifact";"1"
"Tumz";"key items";"job gesture: samurai";"1"
"Tumz";"key items";"Moonlit Path phantom gem";"1"
"Tumz";"key items";"map of Bostaunieux Oubliette";"1"
"Tumz";"key items";"map of the Den of Rancor";"1"
"Tumz";"key items";"portal charm";"1"
"Tumz";"key items";"map of the Zeruhn Mines";"1"
"Tumz";"key items";"reaper";"1"
"Tumz";"key items";"clump of animal hair";"1"
"Tumz";"key items";"map of Giddeus";"1"
"Tumz";"key items";"Atma of the Apocalypse";"1"
"Tumz";"key items";"♪Wivre companion";"1"
"Tumz";"key items";"Celestial Nexus phantom gem";"1"
"Tumz";"key items";"voidstone";"1"
"Tumz";"key items";"impure aster yggzi";"1"
"Tumz";"key items";""Climbing"";"1"
"Tumz";"key items";"song of hope";"1"
"Tumz";"key items";"viridian abyssite of avarice";"1"
"Tumz";"key items";"ivory abyssite of celerity";"1"
"Tumz";"key items";"map of Sih Gates";"1"
"Tumz";"key items";"♪Raaz companion";"1"
"Tumz";"key items";"shattered iron giant chain";"1"
"Tumz";"key items";"map of Grauberg";"1"
"Tumz";"key items";"map of Abyssea - Attohwa";"1"
"Tumz";"key items";""Rhapsody in Emerald"";"1"
"Tumz";"key items";"Emptiness investigation note";"1"
"Tumz";"key items";"smoldering crab shell";"1"
"Tumz";"key items";"Flashfrost Naakual paragon";"1"
"Tumz";"key items";"map of Caedarva Mire";"1"
"Tumz";"key items";"moongate pass";"1"
"Tumz";"key items";"map of the San d'Oria area";"1"
"Tumz";"key items";"job gesture: black mage";"1"
"Tumz";"key items";"periapt of recompense";"1"
"Tumz";"key items";"phantom gem of arrogance";"1"
"Tumz";"key items";"fat-lined cockatrice skin";"1"
"Tumz";"key items";"vivid periapt of adaptability";"1"
"Tumz";"key items";"♪Doll companion";"1"
"Tumz";"key items";"Atmacite of Destruction";"1"
"Tumz";"key items";"Orb of Radiance phantom gem";"1"
"Tumz";"key items";"Kazham warp rune";"1"
"Tumz";"key items";"crimson abyssite of lenity";"1"
"Tumz";"key items";"Atma of the Full Moon";"1"
"Tumz";"key items";"Atma of the Smiting Blow";"1"
"Tumz";"key items";"Shard of Rage";"1"
"Tumz";"key items";"map of Abyssea - Altepa";"1"
"Tumz";"key items";""Rhapsody in Puce"";"1"
"Tumz";"key items";"chocobo license";"1"
"Tumz";"key items";""Rhapsody in Ochre"";"1"
"Tumz";"key items";"map of Abyssea - Uleguerand";"1"
"Tumz";"key items";"eschan nef";"1"
"Tumz";"key items";"Megomak's shopping list";"1"
"Tumz";"key items";"battle trophy: 2nd echelon";"1"
"Tumz";"key items";"map of Dynamis - Beaucedine";"1"
"Tumz";"key items";"map of Kamihr Drifts";"1"
"Tumz";"key items";"tuning fork of earth";"1"
"Tumz";"key items";"map of Dynamis - Valkurm";"1"
"Tumz";"key items";"job gesture: scholar";"1"
"Tumz";"key items";"ivory abyssite of destiny";"1"
"Tumz";"key items";"Ashrakk's blood sigil";"1"
"Tumz";"key items";"map of Mount Zhayolm";"1"
"Tumz";"key items";"job gesture: summoner";"1"
"Tumz";"key items";"Brand of the Springserpent";"1"
"Tumz";"key items";"Sterling Star ∮∮";"1"
"Tumz";"key items";""Demolishing"";"1"
"Tumz";"key items";"map of Fort Karugo-Narugo";"1"
"Tumz";"key items";"neutral periapt of frontiers";"1"
"Tumz";"key items";"ardent rune fencer's soul";"1"
"Tumz";"key items";"dull Ra'Kaznarian plate";"1"
"Tumz";"key items";"distorted fragment";"1"
"Tumz";"key items";"alizarin yantric planchette";"1"
"Tumz";"key items";"Wyrm God phantom gem";"1"
"Tumz";"key items";"job gesture: ranger";"1"
"Tumz";"key items";"decaying morbol tooth";"1"
"Tumz";"key items";""Fragmenting"";"1"
"Tumz";"key items";"Atmacite of Aplomb";"1"
"Tumz";"key items";"aged Flashfrost Naakual crest";"1"
"Tumz";"key items";"map of Dynamis - Qufim";"1"
"Tumz";"key items";"dented chariot shield";"1"
"Tumz";"key items";"Norg warp rune";"1"
"Tumz";"key items";"map of Promyvion - Vahzl";"1"
"Tumz";"key items";"map of the Gusgen Mines";"1"
"Tumz";"key items";"moglophone II";"1"
"Tumz";"key items";"Wings of Honor ∮∮∮∮";"1"
"Tumz";"key items";"Atmacite of Finesse";"1"
"Tumz";"key items";"Dawn phantom gem";"1"
"Tumz";"key items";"algor resilience";"1"
"Tumz";"key items";"white stratum abyssite VI";"1"
"Tumz";"key items";"gil repository";"1"
"Tumz";"key items";"map of Mamook";"1"
"Tumz";"key items";"moglophone";"1"
"Tumz";"key items";"Atma of the Brother Wolf";"1"
"Tumz";"key items";"Wings of Integrity ∮∮∮";"1"
"Tumz";"key items";"Maiden phantom gem";"1"
"Tumz";"key items";"glittering pixie choker";"1"
"Tumz";"key items";"resurrection retardant axe";"1"
"Tumz";"key items";"vivid periapt of exploration";"1"
"Tumz";"key items";"Champion phantom gem";"1"
"Tumz";"key items";"Atmacite of Dark Designs";"1"
"Tumz";"key items";""Rhapsody in Crimson"";"1"
"Tumz";"key items";"map of Abyssea - Tahrongi";"1"
"Tumz";"key items";"Galka Mask of Darkness";"1"
"Tumz";"key items";"map of the Eldieme Necropolis";"1"
"Tumz";"key items";"distended chigoe abdomen";"1"
"Tumz";"key items";"crimson stratum abyssite IV";"1"
"Tumz";"key items";"Atma of the War Lion";"1"
"Tumz";"key items";"Hydra Corps Tactical Map";"1"
"Tumz";"key items";"mystical canteen";"1"
"Tumz";"key items";"dusky periapt of adaptability";"1"
"Tumz";"key items";"ivory abyssite of fortune";"1"
"Tumz";"key items";"geomagnetron";"1"
"Tumz";"key items";"seductive petrifact";"1"
"Tumz";"key items";"♪Warmachine companion";"1"
"Tumz";"key items";"♪Bomb companion";"1"
"Tumz";"key items";"♪Red crab companion";"1"
"Tumz";"key items";"♪Raptor companion";"1"
"Tumz";"key items";"♪Chocobo companion";"1"
"Tumz";"key items";"trainer's whistle";"1"
"Tumz";"key items";"Gerhilde's feather";"1"
"Tumz";"key items";"Ambuscade Primer Volume One";"1"
"Tumz";"key items";"map of Labyrinth of Onzozo";"1"
"Tumz";"key items";"synergy crucible";"1"
"Tumz";"key items";"job gesture: beastmaster";"1"
"Tumz";"key items";"Atmacite of Devotion";"1"
"Tumz";"key items";"lunar abyssite";"1"
"Tumz";"key items";"Ortlinde's feather";"1"
"Tumz";"key items";"blood-smeared Gigas helm";"1"
"Tumz";"key items";"moglophone II";"1"
"Tumz";"key items";"battle trophy: 5th echelon";"1"
"Tumz";"key items";"job gesture: dancer";"1"
"Tumz";"key items";"nonary nazar";"1"
"Tumz";"key items";"Atma of the Minikin Monstrosity";"1"
"Tumz";"key items";"tricolor Voidwatcher's emblem";"1"
"Tumz";"key items";"fabricated ward of the false king";"1"
"Tumz";"key items";"Atma of Alpha and Omega";"1"
"Tumz";"key items";"fabricated ward of ashen wings";"1"
"Tumz";"key items";"Windurst Trust permit";"1"
"Tumz";"key items";"Atma of Purgatory";"1"
"Tumz";"key items";"Atma of the Einherjar";"1"
"Tumz";"key items";"Atma of a Future Fabulous";"1"
"Tumz";"key items";"calor resilience";"1"
"Tumz";"key items";"starlight Voidwatcher's emblem";"1"
"Tumz";"key items";"map of the Maze of Shakhrami";"1"
"Tumz";"key items";"Atmacite of Latitude";"1"
"Tumz";"key items";"job gesture: rune fencer";"1"
"Tumz";"key items";"shriveled hecteyes stalk";"1"
"Tumz";"key items";"map of Yorcia Weald";"1"
"Tumz";"key items";"job gesture: geomancer";"1"
"Tumz";"key items";"mucid worm segment";"1"
"Tumz";"key items";"map of Dynamis - San d'Oria";"1"
"Tumz";"key items";"indigo abyssite of the reaper";"1"
"Tumz";"key items";"map of Dynamis - Jeuno";"1"
"Tumz";"key items";"map of Abyssea - Grauberg";"1"
"Tumz";"key items";"voidstone";"1"
"Tumz";"key items";"scarlet abyssite of perspicacity";"1"
"Tumz";"key items";"lunar abyssite";"1"
"Tumz";"key items";"macabre simulacrum";"1"
"Tumz";"key items";"Starway Stairway bauble";"1"
"Tumz";"key items";"map of Beadeaux";"1"
"Tumz";"key items";"archducal audience permit";"1"
"Tumz";"key items";"map of Ceizak Battlegrounds";"1"
"Tumz";"key items";"emerald abyssite of acumen";"1"
"Tumz";"key items";"Celennia Memorial Library card";"1"
"Tumz";"key items";"Waking Dreams phantom gem";"1"
"Tumz";"key items";"sapphire abyssite of furtherance";"1"
"Tumz";"key items";"map of the Palborough Mines";"1"
"Tumz";"key items";"eschan cellar";"1"
"Tumz";"key items";"limit breaker";"1"
"Tumz";"key items";"eschan urn";"1"
"Tumz";"key items";"tattered test sheet";"1"
"Tumz";"key items";"fetid rafflesia stalk";"1"
"Tumz";"key items";""Elite Training: Chapter 1"";"1"
"Tumz";"key items";""Scintillating Rhapsody"";"1"
"Tumz";"key items";"testimonial";"1"
"Tumz";"key items";""Elite Training: Introduction"";"1"
"Tumz";"key items";""Rhapsody in Fuchsia"";"1"
"Tumz";"key items";""Rhapsody in Azure"";"1"
"Tumz";"key items";"Hydra Corps Lantern";"1"
"Tumz";"key items";"Atmacite of Eminence";"1"
"Tumz";"key items";""Rhapsody in Umber"";"1"
"Tumz";"key items";"job gesture: puppetmaster";"1"
"Tumz";"key items";"map of Ifrit's Cauldron";"1"
"Tumz";"key items";"vivid periapt of intensity";"1"
"Tumz";"key items";""Rhapsody in White"";"1"
"Tumz";"key items";"Atma of the Omnipotent";"1"
"Tumz";"key items";"lightsworm";"1"
"Tumz";"key items";"voidstone";"1"
"Tumz";"key items";"viridian abyssite of merit";"1"
"Tumz";"key items";"vivid periapt of catalysis";"1"
"Tumz";"key items";"Atma of the Azure Sky";"1"
"Tumz";"key items";"semi-pure phlox yggzi";"1"
"Tumz";"key items";"Atma of the Persistent Predator";"1"
"Tumz";"key items";"Atma of the Rescuer";"1"
"Tumz";"key items";"Arciela's skirt";"1"
"Tumz";"key items";"♪Spheroid companion";"1"
"Tumz";"key items";"semi-pure zaffre yggzi";"1"
"Tumz";"key items";"Atma of the Lone Wolf";"1"
"Tumz";"key items";""Logging"";"1"
"Tumz";"key items";"empty hourglass";"1"
"Tumz";"key items";"Adoulinian charter permit";"1"
"Tumz";"key items";"Velkk fetish";"1"
"Tumz";"key items";"map of Nashmau";"1"
"Tumz";"key items";"sepulcher ensign";"1"
"Tumz";"key items";"traverser stone";"1"
"Tumz";"key items";"ivory abyssite of kismet";"1"
"Tumz";"key items";""Quiescence"";"1"
"Tumz";"key items";"abyssite of discernment";"1"
"Tumz";"key items";"sapphire abyssite of lenity";"1"
"Tumz";"key items";"Legacy phantom gem";"1"
"Tumz";"key items";"map of Foret de Hennetiel";"1"
"Tumz";"key items";"map of Carpenters' Landing";"1"
"Tumz";"key items";"Sajj'aka's protective ward";"1"
"Tumz";"key items";"Atma of the Tusked Terror";"1"
"Tumz";"key items";"Peppe-Aleppe's superlative tonic";"1"
"Tumz";"key items";"Atmacite of Discipline";"1"
"Tumz";"key items";"runic disc";"1"
"Tumz";"key items";""Elite Training: Chapter 2"";"1"
"Tumz";"key items";"semi-pure aster yggzi";"1"
"Tumz";"key items";"Steelknight Emblem ∮∮∮";"1"
"Tumz";"key items";"F.A.I.L. badge";"1"
"Tumz";"key items";"ivory abyssite of merit";"1"
"Tumz";"key items";"sapphire abyssite of merit";"1"
"Tumz";"key items";"impure russet yggzi";"1"
"Tumz";"key items";"dusky periapt of concord";"1"
"Tumz";"key items";"turbid slime oil";"1"
"Tumz";"key items";"concordoll";"1"
"Tumz";"key items";"map of Abyssea - Vunkerl";"1"
"Tumz";"key items";"frosted incisor";"1"
"Tumz";"key items";"sparking tail feather";"1"
"Tumz";"key items";"periapt of emergence";"1"
"Tumz";"key items";"russet yantric planchette";"1"
"Tumz";"key items";"bundle of half-inscribed scrolls";"1"
"Tumz";"key items";"silvery plate";"1"
"Tumz";"key items";"Atma of Dunes";"1"
"Tumz";"key items";"flame-scarred skull";"1"
"Tumz";"key items";"map of Reisenjima";"1"
"Tumz";"key items";"Atma of the Sellsword";"1"
"Tumz";"key items";"Lerene's paten";"1"
"Tumz";"key items";""Pulverizing"";"1"
"Tumz";"key items";"map of the Crawlers' Nest";"1"
"Tumz";"key items";"map of Davoi";"1"
"Tumz";"key items";"Atmacite of Onslaught";"1"
"Tumz";"key items";"fabricated ward of miasma";"1"
"Tumz";"key items";"scarlet abyssite of furtherance";"1"
"Tumz";"key items";"vivid periapt of focus";"1"
"Tumz";"key items";"Pso'Xja pass";"1"
"Tumz";"key items";"Atma of the Clawed Butterfly";"1"
"Tumz";"key items";"map of Ghelsba";"1"
"Tumz";"key items";"dusky periapt of readiness";"1"
"Tumz";"key items";"Booming Naakual paragon";"1"
"Tumz";"key items";"Atma of the Ace Angler";"1"
"Tumz";"key items";"map of Pso'Xja";"1"
"Tumz";"key items";"tuning fork of lightning";"1"
"Tumz";"key items";"Atma of Allure";"1"
"Tumz";"key items";"Holla gate crystal";"1"
"Tumz";"key items";"cerulean crystal";"1"
"Tumz";"key items";"hyacinth stratum abyssite";"1"
"Tumz";"key items";"luopan";"1"
"Tumz";"key items";"Atma of Cloak and Dagger";"1"
"Tumz";"key items";"map of Rala Waterways";"1"
"Tumz";"key items";"Firebrand Naakual paragon";"1"
"Tumz";"key items";"Matriarch Naakual paragon";"1"
"Tumz";"key items";"Iron Emblem of Service ∮∮";"1"
"Tumz";"key items";"Brand of the Stoneserpent";"1"
"Tumz";"key items";"phantom gem of rage";"1"
"Tumz";"key items";"phantom gem of cowardice";"1"
"Tumz";"key items";"phantom gem of envy";"1"
"Tumz";"key items";"severed Gigas collar";"1"
"Tumz";"key items";"loadstone";"1"
"Tumz";"key items";""Elite Training: Chapter 3"";"1"
"Tumz";"key items";"phantom gem of apathy";"1"
"Tumz";"key items";"Stellar Fulcrum phantom gem";"1"
"Tumz";"key items";"memorandoll";"1"
"Tumz";"key items";"aged Matriarch Naakual crest";"1"
"Tumz";"key items";"map of Bibiki Bay";"1"
"Tumz";"key items";"pair of fuzzy earmuffs";"1"
"Tumz";"key items";"Magian trial log";"1"
"Tumz";"key items";"map of Abyssea - La Theine";"1"
"Tumz";"key items";"vial of translurry";"1"
"Tumz";"key items";"old ring";"1"
"Tumz";"key items";""Mythril Marathon Quarterly"";"1"
"Tumz";"key items";"periapt of sapience";"1"
"Tumz";"key items";"GPS crystal";"1"
"Tumz";"key items";"runic kinegraver";"1"
"Tumz";"key items";"Medal of Altana ∮∮∮∮";"1"
"Tumz";"key items";""Enlightened Endeavor"";"1"
"Tumz";"key items";"sapphire abyssite of sojourn";"1"
"Tumz";"key items";"San d'Oria warp rune";"1"
"Tumz";"key items";"tattered hippogryph wing";"1"
"Tumz";"key items";"impure zaffre yggzi";"1"
"Tumz";"key items";"impure celadon yggzi";"1"
"Tumz";"key items";"map of the Boyahda Tree";"1"
"Tumz";"key items";"Atma of Dread";"1"
"Tumz";"key items";"bloodied dragon ear";"1"
"Tumz";"key items";"weapon training guide";"1"
"Tumz";"key items";"map of Cape Riverne";"1"
"Tumz";"key items";"Atma of the Mounted Champion";"1"
"Tumz";"key items";"map of Vunkerl Inlet";"1"
"Tumz";"key items";"map of the Kuftal Tunnel";"1"
"Tumz";"key items";"master breaker";"1"
"Tumz";"key items";"Atmacite of the Adamant";"1"
"Tumz";"key items";"vermillion abyssite of kismet";"1"
"Tumz";"key items";"indigo abyssite of confluence";"1"
"Tumz";"key items";"celadon yantric planchette";"1"
"Tumz";"key items";"knight's confession";"1"
"Tumz";"key items";"Atma of the Beyond";"1"
"Tumz";"key items";"map of Moh Gates";"1"
"Tumz";"key items";"ivory abyssite of expertise";"1"
"Tumz";"key items";"Brass Wings of Service ∮";"1"
"Tumz";"key items";"anti-glaciation gear";"1"
"Tumz";"key items";"warped Gigas armband";"1"
"Tumz";"key items";"aged Booming Naakual crest";"1"
"Tumz";"key items";"magma mitigation set";"1"
"Tumz";"key items";"map of the Elshimo regions";"1"
"Tumz";"key items";"peach coral key";"1"
"Tumz";"key items";"compass of transference";"1"
"Tumz";"key items";"brier-proof net";"1"
"Tumz";"key items";"habitual behavior barometer";"1"
"Tumz";"key items";"periapt of percipience";"1"
"Tumz";"key items";"map of Norg";"1"
"Tumz";"key items";"Adventurer's Certificate";"1"
"Tumz";"key items";"map of Bhaflau Thickets";"1"
"Tumz";"key items";"Puppet in Peril phantom gem";"1"
"Tumz";"key items";"beguiling petrifact";"1"
"Tumz";"key items";"map of the Attohwa Chasm";"1"
"Tumz";"key items";"ivory abyssite of furtherance";"1"
"Tumz";"key items";"ivory abyssite of guerdon";"1"
"Tumz";"key items";"jade abyssite of sojourn";"1"
"Tumz";"key items";"map of the Ru'Aun Gardens";"1"
"Tumz";"key items";"map of the Uleguerand Range";"1"
"Tumz";"key items";"Selbina warp rune";"1"
"Tumz";"key items";"grimoire";"1"
"Tumz";"key items";"scarlet abyssite of sojourn";"1"
"Tumz";"key items";"Atma of the Stormbird";"1"
"Tumz";"key items";"zaffre yantric planchette";"1"
"Tumz";"key items";"Windurst warp rune";"1"
"Tumz";"key items";"Brand of the Skyserpent";"1"
"Tumz";"key items";"Atmacite of Preservation";"1"
"Tumz";"key items";"Bronze Star ∮";"1"
"Tumz";"key items";"Atmacite of Coercion";"1"
"Tumz";"key items";"map of Delkfutt's Tower";"1"
"Tumz";"key items";"Brand of the Flameserpent";"1"
"Tumz";"key items";""Critical Chop"";"1"
"Tumz";"key items";"reive unity";"1"
"Tumz";"key items";"Golden Star ∮∮∮∮";"1"
"Tumz";"key items";"abyssite of the cosmos";"1"
"Tumz";"key items";"vivid periapt of frontiers";"1"
"Tumz";"key items";"Atma of the Dragon Rider";"1"
"Tumz";"key items";"map of Ve'Lugannon Palace";"1"
"Tumz";"key items";"shimmering pixie pinion";"1"
"Tumz";"key items";"Brand of the Galeserpent";"1"
"Tumz";"key items";"Mythril Star ∮∮∮";"1"
"Tumz";"key items";"map of the Vollbow region";"1"
"Tumz";"key items";"map of the Garlaige Citadel";"1"
"Tumz";"key items";"map of Halvung";"1"
"Tumz";"key items";"Allied Ribbon of Glory ∮∮∮∮";"1"
"Tumz";"key items";"paresis resilience";"1"
"Tumz";"key items";"map of the Kuzotz region";"1"
"Tumz";"key items";"Dynamis - Valkurm sliver";"1"
"Tumz";"key items";"map of Sea Serpent Grotto";"1"
"Tumz";"key items";"Atma of the Ducal Guard";"1"
"Tumz";"key items";"ivory abyssite of acumen";"1"
"Tumz";"key items";"amber stratum abyssite";"1"
"Tumz";"key items";"Atma of the Stout Arm";"1"
"Tumz";"key items";"Allied Ribbon of Bravery ∮∮∮";"1"
"Tumz";"key items";"Atma of Vicissitude";"1"
"Tumz";"key items";"ivory abyssite of confluence";"1"
"Tumz";"key items";"airship pass";"1"
"Tumz";"key items";"crimson abyssite of destiny";"1"
"Tumz";"key items";"map of the Korroloka Tunnel";"1"
"Tumz";"key items";"aged Firebrand Naakual crest";"1"
"Tumz";"key items";"Mhaura warp rune";"1"
"Tumz";"key items";"restrainment resilience";"1"
"Tumz";"key items";"map of Escha - Zi'Tah";"1"
"Tumz";"key items";"battle trophy: 1st echelon";"1"
"Tumz";"key items";"Divine phantom gem";"1"
"Tumz";"key items";"vial of shrouded sand";"1"
"Tumz";"key items";"aged Ligneous Naakual crest";"1"
"Tumz";"key items";"map of Arrapago Reef";"1"
"Tumz";"key items";"dusky periapt of frontiers";"1"
"Tumz";"key items";"job gesture: red mage";"1"
"Tumz";"key items";"aged Riptide Naakual crest";"1"
"Tumz";"key items";"map of Qufim Island";"1"
"Tumz";"key items";"Ballista License";"1"
"Tumz";"key items";"Pioneer's Badge";"1"
"Tumz";"key items";"voidstone";"1"
"Tumz";"key items";"map of Castle Zvahl";"1"
"Tumz";"key items";"voidstone";"1"
"Tumz";"key items";"indigo abyssite of sojourn";"1"
"Tumz";"key items";"indigo abyssite of merit";"1"
"Tumz";"key items";"jade stratum abyssite IV";"1"
"Tumz";"key items";"job gesture: ninja";"1"
"Tumz";"key items";"Kupofried's corundum";"1"
"Tumz";"key items";"Kupofried's corundum";"1"
"Tumz";"key items";"clairvoy ant";"1"
"Tumz";"key items";"map of Fei'Yin";"1"
"Tumz";"key items";"map of Escha - Ru'Aun";"1"
"Tumz";"key items";"Bronze Ribbon of Service ∮";"1"
"Tumz";"key items";"astral compass";"1"
"Tumz";"key items";"black matinee necklace";"1"
"Tumz";"key items";"fabricated ward of impurity";"1"
"Tumz";"key items";"map of the Li'Telor region";"1"
"Tumz";"key items";"map of Dynamis - Bastok";"1"
"Tumz";"key items";"octonary nazar";"1"
"Tumz";"key items";"periapt of clarity";"1"
"Tumz";"key items";"Tonberry key";"1"
"Tumz";"key items";"toxin resilience";"1"
"Tumz";"key items";"angel skin key";"1"
"Tumz";"key items";"Brand of Twilight";"1"
"Tumz";"key items";"Imperial Army I.D. tag";"1"
"Tumz";"key items";"map of the Ranguemont Pass";"1"
"Tumz";"key items";"coruscant rosary";"1"
"Tumz";"key items";"Waltraute's feather";"1"
"Tumz";"key items";"pure white feather";"1"
"Tumz";"key items";"map of the Bastok area";"1"
"Tumz";"key items";"Brand of Dawn";"1"
"Tumz";"key items";"shaft gate operating dial";"1"
"Tumz";"key items";"Voidwatcher's emblem: Qufim";"1"
"Tumz";"key items";"Voidwatcher's emblem: Jeuno";"1"
"Tumz";"key items";"map of Dynamis - Windurst";"1"
"Tumz";"key items";"semi-pure russet yggzi";"1"
"Tumz";"key items";"map of the Windurst area";"1"
"Tumz";"key items";"Brunhilde's feather";"1"
"Tumz";"key items";"Raw Fish Handling";"1"
"Tumz";"key items";"Hydra Corps Eyeglass";"1"
"Tumz";"key items";"map of Alzadaal Ruins";"1"
"Tumz";"key items";"avatar phantom gem";"1"
"Tumz";"key items";"map of Ra'Kaznar";"1"
"Tumz";"key items";"map of the Quicksand Caves";"1"
"Tumz";"key items";"map of Woh Gates";"1"
"Tumz";"key items";"Brass Ribbon of Service ∮∮";"1"
"Tumz";"key items";"map of the Jeuno area";"1"
"Tumz";"key items";"map of Cirdas Caverns";"1"
"Tumz";"key items";"Arciela's spare bonnet";"1"
"Tumz";"key items";"Atma of the Noxious Fang";"1"
"Tumz";"key items";"Schwertleite's feather";"1"
"Tumz";"key items";"Yhoator gate crystal";"1"
"Tumz";"key items";"Atma of Entwined Serpents";"1"
"Tumz";"key items";"whisper of the Wyrmking";"1"
"Tumz";"key items";"paintbrush of souls";"1"
"Tumz";"key items";"map of Dho Gates";"1"
"Tumz";"key items";"map of Yahse Hunting Grounds";"1"
"Tumz";"key items";"Atmacite of Preparedness";"1"
"Tumz";"key items";"Ligneous Naakual paragon";"1"
"Tumz";"key items";"pellucid fly eye";"1"
"Tumz";"key items";"Tear of Altana";"1"
"Tumz";"key items";"impure alizarin yggzi";"1"
"Tumz";"key items";"bulbous crawler cocoon";"1"
"Tumz";"key items";"crest of Davoi";"1"
"Tumz";"key items";"Atma of the Ultimate";"1"
"Tumz";"key items";"Atmacite of Incursion";"1"
"Tumz";"key items";"battle trophy: 4th echelon";"1"
"Tumz";"key items";"prismatic hourglass";"1"
"Tumz";"key items";"traverser stone";"1"
"Tumz";"key items";"traverser stone";"1"
"Tumz";"key items";"Kupofried's corundum";"1"
"Tumz";"key items";"Atma of the Razed Ruins";"1"
"Tumz";"key items";"Mark of Zahak";"1"
"Tumz";"key items";"crab caller";"1"
"Tumz";"key items";"fragrant treant petal";"1"
"Tumz";"key items";"map of Aydeewa Subterrane";"1"
"Tumz";"key items";"Dawnlight Medal ∮∮∮";"1"
"Tumz";"key items";"venomous peiste claw";"1"
"Tumz";"key items";"Atma of the Gnarled Horn";"1"
"Tumz";"key items";"Yagudo torch";"1"
"Tumz";"key items";"Curilla's bottle";"1"
"Tumz";"key items";"map of Al Zahbi";"1"
"Tumz";"key items";"emerald abyssite of fortune";"1"
"Tumz";"key items";"pair of Velkk gloves";"1"
"Tumz";"key items";"Shard of Envy";"1"
"Tumz";"key items";"pouch of weighted stones";"1"
"Tumz";"key items";"Atmacite of Skyblaze";"1"
"Tumz";"key items";"Atma of the Sanguine Scythe";"1"
"Tumz";"key items";"map of Adoulin";"1"
"Tumz";"key items";"Atmacite of Mysticism";"1"
"Tumz";"key items";"azure abyssite of celerity";"1"
"Tumz";"key items";"map of Abyssea - Konschtat";"1"
"Tumz";"key items";"Atmacite of Persistence";"1"
"Tumz";"key items";"job gesture: white mage";"1"
"Tumz";"key items";"vivid periapt of readiness";"1"
"Tumz";"key items";"Savage's phantom gem";"1"
"Tumz";"key items";"vivid periapt of glory";"1"
"Tumz";"key items";"map of Morimar Basalt Fields";"1"
"Tumz";"key items";"silver bell";"1"
"Tumz";"key items";"Habalo's Eclogue - verse I";"1"
"Tumz";"key items";"Atma of the Sundering Slash";"1"
"Tumz";"key items";"Copper Emblem of Service ∮";"1"
"Tumz";"key items";"periapt of guidance";"1"
"Tumz";"key items";"watercraft";"1"
"Tumz";"key items";"story of a happy chocobo";"1"
"Tumz";"key items";"Moonlight Medal ∮∮";"1"
"Tumz";"key items";"cracked skeleton clavicle";"1"
"Tumz";"key items";"Dynamis - Qufim sliver";"1"
"Tumz";"key items";"Hydra Corps Command Scepter";"1"
"Tumz";"key items";"filled memory gem";"1"
"Tumz";"key items";"job gesture: warrior";"1"
"Tumz";"key items";"indigo abyssite of lenity";"1"
"Tumz";"key items";"Head Wind phantom gem";"1"
"Tumz";"key items";"Captain Wildcat badge";"1"
"Tumz";"key items";"Bastok Trust permit";"1"
"Tumz";"key items";"job gesture: dragoon";"1"
"Tumz";"key items";"map of the Aqueducts";"1"
"Tumz";"key items";"job gesture: blue mage";"1"
"Tumz";"key items";"job gesture: corsair";"1"
"Tumz";"key items";"map of Oldton Movalpolos";"1"
